,File,Relative Path,Full Path,Size (KB)
6,Competitive_Advantage_Matrix.png,PHASE_6_7_EXECUTION_PACKAGE/Competitive_Advantage_Matrix.png,/mnt/data/PHASE_6_7_EXECUTION_PACKAGE_v1.0_extracted/PHASE_6_7_EXECUTION_PACKAGE/Competitive_Advantage_Matrix.png,2053.01
4,DIMIA_Integration_Flow_Architecture.png,PHASE_6_7_EXECUTION_PACKAGE/DIMIA_Integration_Flow_Architecture.png,/mnt/data/PHASE_6_7_EXECUTION_PACKAGE_v1.0_extracted/PHASE_6_7_EXECUTION_PACKAGE/DIMIA_Integration_Flow_Architecture.png,2232.35
5,Investment_ROI_Analysis_Dashboard.png,PHASE_6_7_EXECUTION_PACKAGE/Investment_ROI_Analysis_Dashboard.png,/mnt/data/PHASE_6_7_EXECUTION_PACKAGE_v1.0_extracted/PHASE_6_7_EXECUTION_PACKAGE/Investment_ROI_Analysis_Dashboard.png,1661.38
1,MANUS_TASK_COORDINATION_FRAMEWORK.md,PHASE_6_7_EXECUTION_PACKAGE/MANUS_TASK_COORDINATION_FRAMEWORK.md,/mnt/data/PHASE_6_7_EXECUTION_PACKAGE_v1.0_extracted/PHASE_6_7_EXECUTION_PACKAGE/MANUS_TASK_COORDINATION_FRAMEWORK.md,33.43
8,MANUS_TASK_COORDINATION_PLAN.md,PHASE_6_7_EXECUTION_PACKAGE/MANUS_TASK_COORDINATION_PLAN.md,/mnt/data/PHASE_6_7_EXECUTION_PACKAGE_v1.0_extracted/PHASE_6_7_EXECUTION_PACKAGE/MANUS_TASK_COORDINATION_PLAN.md,11.67
2,NOTION_AUTOMATION_FRAMEWORK.md,PHASE_6_7_EXECUTION_PACKAGE/NOTION_AUTOMATION_FRAMEWORK.md,/mnt/data/PHASE_6_7_EXECUTION_PACKAGE_v1.0_extracted/PHASE_6_7_EXECUTION_PACKAGE/NOTION_AUTOMATION_FRAMEWORK.md,12.02
0,PHASE_6_7_TRACKER_SUMMARY.md,PHASE_6_7_EXECUTION_PACKAGE/PHASE_6_7_TRACKER_SUMMARY.md,/mnt/data/PHASE_6_7_EXECUTION_PACKAGE_v1.0_extracted/PHASE_6_7_EXECUTION_PACKAGE/PHASE_6_7_TRACKER_SUMMARY.md,11.57
3,Phase_6_7_Execution_Timeline.png,PHASE_6_7_EXECUTION_PACKAGE/Phase_6_7_Execution_Timeline.png,/mnt/data/PHASE_6_7_EXECUTION_PACKAGE_v1.0_extracted/PHASE_6_7_EXECUTION_PACKAGE/Phase_6_7_Execution_Timeline.png,1663.34
7,README.md,PHASE_6_7_EXECUTION_PACKAGE/README.md,/mnt/data/PHASE_6_7_EXECUTION_PACKAGE_v1.0_extracted/PHASE_6_7_EXECUTION_PACKAGE/README.md,8.33
